X;Y;ID;NOMBRE;SECTOR;ORIGEN;JURISDIC;GRADO_AVAN;FECHA_INIC;CALLE;ALTURA;PISO_DPTO;BARRIO;COMUNA;DOM_NORMA;DOM_GEO
-58.4091021098848;-34.6467832669482;1;STAR X;HARDWARE;NAC.;CABA;EN OPERACION;ENE-12;PEPIRI;758;;PARQUE PATRICIOS;COMUNA 4;PEPIRI 758;758 PEPIRI
-58.3959038392808;-34.6425712671735;2;IRON MOUNTAIN;BPO;EXT.;CABA;EN OPERACION;PREVIO LEY 2972;AMANCIO ALCORTA;2482;;PARQUE PATRICIOS;COMUNA 4;ALCORTA, AMANCIO AV. 2482;2482 ALCORTA, AMANCIO AV.
-58.3904550167836;-34.6367633112771;3;TATA;BPO;EXT.;OTRA;EN OPERACION;SEP-09;USPALLATA;2034;;PARQUE PATRICIOS;COMUNA 4;USPALLATA 2034;2034 USPALLATA
-58.4047186582808;-34.6346616191639;4;IBC ARGENTINA;SOFTWARE;NAC.;CABA;EN OPERACION;NOV-09;CATULO CASTILLO;2930;PB 5;PARQUE PATRICIOS;COMUNA 4;CASTILLO, CATULO 2930;2930 CASTILLO, CATULO
-58.4095875328407;-34.6356970770676;5;CZYNE;SOFTWARE;NAC.;CABA;EN OPERACION;NOV-09;CATULO CASTILLO;3230;PISO 2 OF 22;PARQUE PATRICIOS;COMUNA 4;CASTILLO, CATULO 3230;3230 CASTILLO, CATULO
-58.4099586920851;-34.6354036876751;6;DATCO;SOFTWARE;NAC.;CABA;EN OPERACION;PREVIO LEY 2972;CATULO CASTILLO;3251;;PARQUE PATRICIOS;COMUNA 4;CASTILLO, CATULO 3251;3251 CASTILLO, CATULO
-58.406088638066;-34.634891907605;7;AVANZIT;SOFTWARE;NAC.;CABA;EN OPERACION;DIC-10;LA RIOJA;2011;;PARQUE PATRICIOS;COMUNA 4;LA RIOJA 2011;2011 LA RIOJA
-58.4127807879125;-34.6356669909102;8;EXO;HARDWARE;NAC.;CABA;EN OPERACION;FEB-13;CHICLANA;3436;;BOEDO;COMUNA 5;CHICLANA AV. 3436;3436 CHICLANA AV.
-58.4000684716131;-34.6333811856509;9;ENTORNOS EDUCATIVOS;SOFTWARE;NAC.;CABA;EN OPERACION;PREVIO LEY 2972;JUJUY;1963;PISO 9 D;PARQUE PATRICIOS;COMUNA 4;JUJUY AV. 1963;1963 JUJUY AV.
-58.4031308121997;-34.633454329061;10;GRUPO GC;SOFTWARE;NAC.;CABA;EN OPERACION;OCT-09;ESTEBAN DE LUCA;1981;;PARQUE PATRICIOS;COMUNA 4;LUCA, ESTEBAN DE 1981;1981 LUCA, ESTEBAN DE
-58.4078972679349;-34.6433392568611;11;DINATECH;BPO;NAC.;CABA;EN OPERACION;DIC-14;EL REFRAN;3246;;PARQUE PATRICIOS;COMUNA 4;EL REFRAN 3246;3246 EL REFRAN
-58.4117666653551;-34.634543849899;12;HIT 1;DATA CENTER;NAC.;STARTUP;EN OPERACION;SEP-14;CHICLANA;3345;;BOEDO;COMUNA 5;CHICLANA AV. 3345;3345 CHICLANA AV.
-58.3996876067464;-34.6331853026363;13;SERSAT;BPO;NAC.;CABA;EN OPERACION;PREVIO LEY 2972;JUJUY;1956;;PARQUE PATRICIOS;COMUNA 4;JUJUY AV. 1956;1956 JUJUY AV.
-58.413148996487;-34.6394558722914;14;BANK;BPO;NAC.;CABA;EN OPERACION;JUN-11;DIOGENES TABORDA;73;;NUEVA POMPEYA;COMUNA 4;TABORDA, DIOGENES 73;73 TABORDA, DIOGENES
-58.4019380607805;-34.6382282316429;15;QUANTUM TECNOLOGIA;SOFTWARE;NAC.;CABA;EN OPERACION;PREVIO LEY 2972;LAVARDEN;145;;PARQUE PATRICIOS;COMUNA 4;LAVARDEN 145;145 LAVARDEN
-58.4023171825653;-34.6375530622576;16;MEGATECH;HARDWARE;NAC.;CABA;EN OPERACION;NOV-12;PATAGONES;2827;PISO 3 Y 4;PARQUE PATRICIOS;COMUNA 4;PATAGONES 2827;2827 PATAGONES
-58.406088638066;-34.634891907605;17;SENSEBYTE;SOFTWARE;NAC.;CABA;EN OPERACION;JUN-10;LA RIOJA;2011;;PARQUE PATRICIOS;COMUNA 4;LA RIOJA 2011;2011 LA RIOJA
-58.4072590206336;-34.6420447227339;18;MSA;SOFTWARE;NAC.;CABA;EN OPERACION;DIC-13;ATUEL;362;;PARQUE PATRICIOS;COMUNA 4;ATUEL 362;362 ATUEL
-58.398316315523;-34.6396330560936;19;E-NFO;SOFTWARE;NAC.;CABA;EN OPERACION;AGO-12;LOS PATOS;2650;;PARQUE PATRICIOS;COMUNA 4;LOS PATOS 2650;2650 LOS PATOS
-58.4002665825469;-34.6328895221836;20;CONSULTORES TRAVERSO;BPO;NAC.;CABA;EN OPERACION;JUL-12;JUJUY;1915;PISO 5 B;PARQUE PATRICIOS;COMUNA 4;JUJUY AV. 1915;1915 JUJUY AV.
-58.4031780563733;-34.6332790846517;21;NOVATIUM;SOFTWARE;NAC.;CABA;EN OPERACION;MAR-10;ESTEBAN DE LUCA;1963;;PARQUE PATRICIOS;COMUNA 4;LUCA, ESTEBAN DE 1963;1963 LUCA, ESTEBAN DE
-58.4134951316984;-34.6364250602615;22;TESAM;SOFTWARE;NAC.;CABA;EN OPERACION;DIC-14;MAZA;2140;;BOEDO;COMUNA 5;MAZA 2140;2140 MAZA
-58.4098580874793;-34.637674682439;23;YEL INFORMATICA;SOFTWARE;NAC.;CABA;EN OPERACION;MAR-10;CASEROS;3227;PISO 5 B;PARQUE PATRICIOS;COMUNA 4;CASEROS AV. 3227;3227 CASEROS AV.
-58.3981151148053;-34.634734071502;24;COMPUSISTEM;SOFTWARE;NAC.;CABA;EN OPERACION;DIC-12;RONDEAU;2520;PB OF 04;PARQUE PATRICIOS;COMUNA 4;RONDEAU 2520;2520 RONDEAU
-58.4028913197108;-34.6440888305024;25;PRONTO SISTEMA;BPO;NAC.;CABA;EN OPERACION;SEP-10;JOSE C. PAZ;2936;;PARQUE PATRICIOS;COMUNA 4;PAZ, JOSE C. 2936;2936 PAZ, JOSE C.
-58.4000684716131;-34.6333811856509;26;PRESMIA;SOFTWARE;NAC.;CABA;EN OPERACION;DIC-11;JUJUY;1963;PISO 8 OF C Y D;PARQUE PATRICIOS;COMUNA 4;JUJUY AV. 1963;1963 JUJUY AV.
-58.4000684716131;-34.6333811856509;27;NEXT NETWORKS;BPO;NAC.;STARTUP;EN OPERACION;AGO-11;JUJUY;1963;PISO 5 D;PARQUE PATRICIOS;COMUNA 4;JUJUY AV. 1963;1963 JUJUY AV.
-58.4095875328407;-34.6356970770676;28;DATAN;SOFTWARE;NAC.;CABA;EN OPERACION;MAY-10;CATULO CASTILLO;3230;PISO 2 OF 24;PARQUE PATRICIOS;COMUNA 4;CASTILLO, CATULO 3230;3230 CASTILLO, CATULO
-58.4058331428584;-34.6370813624958;29;CAPTTON CONSULTING;BPO;NAC.;CABA;EN OPERACION;JUN-10;LA RIOJA;2197;PISO 1 OF 3;PARQUE PATRICIOS;COMUNA 4;LA RIOJA 2197;2197 LA RIOJA
-58.3989724532899;-34.634516497148;30;IS SECURITY;SOFTWARE;NAC.;CABA;EN OPERACION;ABR-10;RONDEAU;2575;;PARQUE PATRICIOS;COMUNA 4;RONDEAU 2575;2575 RONDEAU
-58.4095875328407;-34.6356970770676;31;IMPLEMENTAR;SOFTWARE;NAC.;CABA;EN OPERACION;NOV-10;CATULO CASTILLO;3230;PISO 1 OF 12;PARQUE PATRICIOS;COMUNA 4;CASTILLO, CATULO 3230;3230 CASTILLO, CATULO
-58.4002665825469;-34.6328895221836;32;DATASTAR;BPO;NAC.;CABA;EN OPERACION;OCT-12;JUJUY;1915;PISO 5 C;PARQUE PATRICIOS;COMUNA 4;JUJUY AV. 1915;1915 JUJUY AV.
-58.3990809302379;-34.636169275602;33;TIGABYTES;SOFTWARE;NAC.;CABA;EN OBRA;ABR-16;AV. CASEROS;2602;PISO 5;PARQUE PATRICIOS;COMUNA 4;CASEROS AV. 2602;2602 CASEROS AV.
-58.4088038005096;-34.6411044018075;34;FARMARECORD;SOFTWARE;NAC.;CABA;EN OPERACION;NOV-12;PEPIRI;254;;PARQUE PATRICIOS;COMUNA 4;PEPIRI 254;254 PEPIRI
-58.4058594469707;-34.6424412117606;35;STARWARE;SOFTWARE;NAC.;CABA;EN OPERACION;JUN-12;DR. PEDRO CHUTRO;3090;;PARQUE PATRICIOS;COMUNA 4;CHUTRO, PEDRO, PROF., DR. 3090;3090 CHUTRO, PEDRO, PROF., DR.
-58.4023171825653;-34.6375530622576;36;DATA FACTORY;SOFTWARE;NAC.;CABA;EN OPERACION;SEP-13;PATAGONES;2827;PISO 1;PARQUE PATRICIOS;COMUNA 4;PATAGONES 2827;2827 PATAGONES
-58.4088428169893;-34.642848368167;37;COS ARGENTINA;SOFTWARE;NAC.;CABA;EN OPERACION;NOV-14;DR. PEDRO CHUTRO;3302;;PARQUE PATRICIOS;COMUNA 4;CHUTRO, PEDRO, PROF., DR. 3302;3302 CHUTRO, PEDRO, PROF., DR.
-58.4069790515279;-34.6412011451478;38;TELEFONICA G. DE SS COMPARTIDOS;BPO;EXT.;CABA;EN OPERACION;NOV-11;LOS PATOS;3151;;PARQUE PATRICIOS;COMUNA 4;LOS PATOS 3151;3151 LOS PATOS
-58.4051257361403;-34.640867324198;39;G&L GROUP;SOFTWARE;NAC.;CABA;EN OPERACION;AGO-13;MONTEAGUDO;275;;PARQUE PATRICIOS;COMUNA 4;MONTEAGUDO 275;275 MONTEAGUDO
-58.404749176587;-34.6346681104982;40;MTD SOFTWARE SRL;SOFTWARE;NAC.;CABA;EN OPERACION;JUN-12;CATULO CASTILLO;2932;PISO 4 OF 24;PARQUE PATRICIOS;COMUNA 4;CASTILLO, CATULO 2932;2932 CASTILLO, CATULO
-58.4018673902388;-34.633079796228;41;OPEN COMPUTACION;SOFTWARE;NAC.;CABA;EN OPERACION;OCT-11;CATAMARCA;1985;;PARQUE PATRICIOS;COMUNA 4;CATAMARCA 1985;1985 CATAMARCA
-58.4043346093004;-34.6379504595425;42;HORWATH CAPITAL INTELECTUAL;BPO;NAC.;CABA;EN OPERACION;MAR-16;PATAGONES;2937;PLANTA BAJA;PARQUE PATRICIOS;COMUNA 4;PATAGONES 2937;2937 PATAGONES
-58.3964558584797;-34.6393182542096;43;GENERAL PLASTIC CORP;BPO;NAC.;CABA;EN OPERACION;PREVIO LEY 2972;LOS PATOS;2526;;PARQUE PATRICIOS;COMUNA 4;LOS PATOS 2526;2526 LOS PATOS
-58.4136428686673;-34.6409367831068;44;VIDEOSWITCH;HARDWARE;NAC.;CABA;EN OPERACION;MAR-13;USPALLATA;3579;;NUEVA POMPEYA;COMUNA 4;USPALLATA 3579;3579 USPALLATA
-58.4025813035487;-34.6355313415844;45;GEOSYSTEMS;SOFTWARE;NAC.;CABA;EN OPERACION;MAY-13;ESTEBAN DE LUCA;2223;;PARQUE PATRICIOS;COMUNA 4;LUCA, ESTEBAN DE 2223;2223 LUCA, ESTEBAN DE
-58.4034122367747;-34.6394859832697;46;REPORTE INFORMATIVO;SOFTWARE;NAC.;CABA;EN OPERACION;AGO-11;ZAVALETA;219;;PARQUE PATRICIOS;COMUNA 4;ZAVALETA 219;219 ZAVALETA
-58.3960604002582;-34.6386958101394;47;DELFAU;SOFTWARE;NAC.;CABA;EN OPERACION;AGO-11;MANUEL GARCIA;276;;PARQUE PATRICIOS;COMUNA 4;GARCIA, MANUEL 276;276 GARCIA, MANUEL
-58.4098580874793;-34.637674682439;48;BUFFA SISTEMAS;SOFTWARE;NAC.;CABA;EN OPERACION;MAR-11;CASEROS;3227;PISO 7 A;PARQUE PATRICIOS;COMUNA 4;CASEROS AV. 3227;3227 CASEROS AV.
-58.3968965098153;-34.6403764028946;49;FULLTRACE;SOFTWARE;NAC.;STARTUP;EN OPERACION;MAR-13;AV. COLONIA;370;;PARQUE PATRICIOS;COMUNA 4;COLONIA AV. 370;370 COLONIA AV.
-58.4037230329535;-34.6408742701714;50;IPLAN;DATA CENTER;NAC.;CABA;EN OPERACION;ENE-12;LOS PATOS;2948;;PARQUE PATRICIOS;COMUNA 4;LOS PATOS 2948;2948 LOS PATOS
-58.403063065756;-34.6372561532639;51;GOODWELL SOFTWARE ARGENTINA;SOFTWARE;NAC.;OTRA;EN OPERACION;AGO-11;ARRIOLA;49;;PARQUE PATRICIOS;COMUNA 4;ARRIOLA 49;49 ARRIOLA
-58.4061146281744;-34.641023345278;52;SYNCHRO TECNH;SOFTWARE;NAC.;CABA;EN OPERACION;ENE-13;IGUAZU;280;;PARQUE PATRICIOS;COMUNA 4;IGUAZU 280;280 IGUAZU
-58.4086840588365;-34.6444232083404;53;TEKII;SOFTWARE;NAC.;CABA;EN OPERACION;AGO-11;ELIA;551;;PARQUE PATRICIOS;COMUNA 4;ELIA 551;551 ELIA
-58.4004478738229;-34.6324395538992;54;NOVASYS;SOFTWARE;NAC.;CABA;EN OPERACION;NOV-11;JUJUY;1875;PISO 7;PARQUE PATRICIOS;COMUNA 4;JUJUY AV. 1875;1875 JUJUY AV.
-58.4041776675835;-34.6338890188094;55;GRUPO NET;SOFTWARE;NAC.;CABA;EN OPERACION;JUN-12;DEAN FUNES;1964;;PARQUE PATRICIOS;COMUNA 4;DEAN FUNES 1964;1964 DEAN FUNES
-58.39960787769;-34.6345241426687;56;CIRCO STUDIO;SOFTWARE;NAC.;STARTUP;EN OPERACION;MAY-11;JUJUY;2073;PISO 1;PARQUE PATRICIOS;COMUNA 4;JUJUY AV. 2073;2073 JUJUY AV.
-58.4119807234031;-34.6376586807832;57;SISTEMAS PARA BANCOS;SOFTWARE;NAC.;CABA;EN OPERACION;NOV-11;VIRREY LINIERS;2351;2DO E;BOEDO;COMUNA 5;LINIERS VIRREY 2351;2351 LINIERS VIRREY
-58.413410916639;-34.6382831663271;58;TESIS OYS;SOFTWARE;NAC.;CABA;EN OPERACION;JUN-11;CASEROS;3411;PISO 7;BOEDO;COMUNA 5;CASEROS AV. 3411;3411 CASEROS AV.
-58.4004478738229;-34.6324395538992;59;ABACO;BPO;NAC.;CABA;EN OPERACION;DIC-11;JUJUY;1875;PISO 6 B;PARQUE PATRICIOS;COMUNA 4;JUJUY AV. 1875;1875 JUJUY AV.
-58.4000684716131;-34.6333811856509;60;VR4;SOFTWARE;NAC.;CABA;EN OPERACION;MAR-12;JUJUY;1963;PISO 2 B;PARQUE PATRICIOS;COMUNA 4;JUJUY AV. 1963;1963 JUJUY AV.
-58.4050702141314;-34.6388972444654;61;E-BUY PLACE;SOFTWARE;NAC.;CABA;EN OPERACION;ENE-12;MONTEAGUDO;146;;PARQUE PATRICIOS;COMUNA 4;MONTEAGUDO 146;146 MONTEAGUDO
-58.3981151148053;-34.634734071502;62;PEDIATRIC CARE;SOFTWARE;NAC.;CABA;EN OPERACION;SEP-14;RONDEAU;2520;;PARQUE PATRICIOS;COMUNA 4;RONDEAU 2520;2520 RONDEAU
-58.4031150193987;-34.6368598310716;63;MOVIL CARGA;BPO;NAC.;CABA;EN OPERACION;JUN-14;CASEROS;2862;;PARQUE PATRICIOS;COMUNA 4;CASEROS AV. 2862;2862 CASEROS AV.
-58.4079717804423;-34.6366037353368;64;IADEV;BPO;NAC.;CABA;EN OPERACION;PREVIO LEY 2972;RONDEAU;3124;;PARQUE PATRICIOS;COMUNA 4;RONDEAU 3124;3124 RONDEAU
-58.4127721449403;-34.6381710147028;65;LAKAUT;BPO;NAC.;CABA;EN OPERACION;MAR-14;CASEROS;3371;;BOEDO;COMUNA 5;CASEROS AV. 3371;3371 CASEROS AV.
-58.4002623747511;-34.6351124638365;66;PAY-U LATAM;E-COMMERCE;EXT.;CABA;EN OPERACION;ABR-14;RONDEAU;2664;PISO 2;PARQUE PATRICIOS;COMUNA 4;RONDEAU 2664;2664 RONDEAU
-58.4133325754361;-34.6382694147665;67;TEKNARIA;BPO;NAC.;CABA;EN OPERACION;FEB-14;CASEROS;3405;PISO 1;BOEDO;COMUNA 5;CASEROS AV. 3405;3405 CASEROS AV.
-58.4047785583949;-34.6403852327382;68;EXISOFT;SOFTWARE;NAC.;CABA;EN OPERACION;DIC-12;MONTEAGUDO;252;;PARQUE PATRICIOS;COMUNA 4;MONTEAGUDO 252;252 MONTEAGUDO
-58.3966787754281;-34.6319025279135;69;ASSERT SOLUTIONS;SOFTWARE;NAC.;CABA;EN OPERACION;JUN-12;CATULO CASTILLO;2360;PISO 3;PARQUE PATRICIOS;COMUNA 4;CASTILLO, CATULO 2360;2360 CASTILLO, CATULO
-58.3979304394531;-34.6367017612173;70;DPS SISTEMAS;SOFTWARE;NAC.;CABA;EN OPERACION;ENE-14;PATAGONES;2559;PB OF 2;PARQUE PATRICIOS;COMUNA 4;PATAGONES 2559;2559 PATAGONES
-58.4000684716131;-34.6333811856509;71;DIGITAL FILE;BPO;NAC.;CABA;EN OPERACION;NOV-11;JUJUY;1963;PISO 8 OF B;PARQUE PATRICIOS;COMUNA 4;JUJUY AV. 1963;1963 JUJUY AV.
-58.4088716582887;-34.6414919964022;72;SGB INFORMATION SERVICES;BPO;NAC.;CABA;EN OPERACION;FEB-14;PEPIRI;286;;PARQUE PATRICIOS;COMUNA 4;PEPIRI 286;286 PEPIRI
-58.4002623747511;-34.6351124638365;73;BUMERAN;E-COMMERCE;NAC.;CABA;EN OPERACION;JUN-14;RONDEAU;2664;PISO 4;PARQUE PATRICIOS;COMUNA 4;RONDEAU 2664;2664 RONDEAU
-58.4002623747511;-34.6351124638365;74;UNIVERSOBIT;SOFTWARE;NAC.;CABA;EN OPERACION;MAY-14;RONDEAU;2664;PISO 3;PARQUE PATRICIOS;COMUNA 4;RONDEAU 2664;2664 RONDEAU
-58.4004782319367;-34.6329730719431;75;SITEPRO;SOFTWARE;NAC.;CABA;EN OPERACION;ABR-12;CATULO CASTILLO;2630;PISO 2 A;PARQUE PATRICIOS;COMUNA 4;CASTILLO, CATULO 2630;2630 CASTILLO, CATULO
-58.4009089880833;-34.6376333582872;76;SERDATA;SOFTWARE;NAC.;CABA;EN OPERACION;ABR-14;PATAGONES;2750;;PARQUE PATRICIOS;COMUNA 4;PATAGONES 2750;2750 PATAGONES
-58.4004782319367;-34.6329730719431;77;INFOGESTION BRANCHT;BPO;NAC.;CABA;EN OPERACION;JUN-12;CATULO CASTILLO;2630;PISO 1;PARQUE PATRICIOS;COMUNA 4;CASTILLO, CATULO 2630;2630 CASTILLO, CATULO
-58.406088638066;-34.634891907605;78;NET SERVICES;SOFTWARE;NAC.;STARTUP;EN OPERACION;JUN-12;LA RIOJA;2011;PB;PARQUE PATRICIOS;COMUNA 4;LA RIOJA 2011;2011 LA RIOJA
-58.3995694224896;-34.6370092120697;79;STAFFING IT;SOFTWARE;NAC.;CABA;EN OPERACION;JUN-14;PATAGONES;2665;PISO 1;PARQUE PATRICIOS;COMUNA 4;PATAGONES 2665;2665 PATAGONES
-58.4006229599957;-34.6364545016719;80;M2-MARKETINMETRICS;BPO;NAC.;CABA;EN OPERACION;ABR-14;LUNA;17;PISO 5;PARQUE PATRICIOS;COMUNA 4;LUNA 17;17 LUNA
-58.4129817850021;-34.6385764478164;81;ADP CONSULTORES;BPO;EXT.;CABA;EN OPERACION;OCT-13;CASEROS;3392;;NUEVA POMPEYA;COMUNA 4;CASEROS AV. 3392;3392 CASEROS AV.
-58.4004782319367;-34.6329730719431;82;TELINFOR;BPO;NAC.;CABA;EN OPERACION;DIC-13;CATULO CASTILLO;2630;PISO 2 B;PARQUE PATRICIOS;COMUNA 4;CASTILLO, CATULO 2630;2630 CASTILLO, CATULO
-58.4000684716131;-34.6333811856509;83;QUASS SRL;SOFTWARE;NAC.;CABA;EN OPERACION;MAY-14;JUJUY;1963;PISO 6 B;PARQUE PATRICIOS;COMUNA 4;JUJUY AV. 1963;1963 JUJUY AV.
-58.4000684716131;-34.6333811856509;84;B2CLOUD;BPO;NAC.;CABA;EN OPERACION;SEP-14;JUJUY;1963;PISO 3 B;PARQUE PATRICIOS;COMUNA 4;JUJUY AV. 1963;1963 JUJUY AV.
-58.4004782319367;-34.6329730719431;85;TR ARGENTINA;BPO;NAC.;OTRA;EN OPERACION;DIC-12;CATULO CASTILLO;2630;PISO 3 A;PARQUE PATRICIOS;COMUNA 4;CASTILLO, CATULO 2630;2630 CASTILLO, CATULO
-58.4129098558213;-34.6481094049767;86;POWER CONSULTANT;BPO;NAC.;CABA;EN OPERACION;PREVIO LEY 2972;GRITO DE ASENCIO;3650;;NUEVA POMPEYA;COMUNA 4;GRITO DE ASENCIO 3650;3650 GRITO DE ASENCIO
-58.4133325754361;-34.6382694147665;87;CONSULTORA NUCLEO;BPO;NAC.;CABA;EN OPERACION;NOV-12;CASEROS;3405;PISO 5;BOEDO;COMUNA 5;CASEROS AV. 3405;3405 CASEROS AV.
-58.4098580874793;-34.637674682439;88;PAGUSTECH;SOFTWARE;NAC.;CABA;EN OPERACION;JUN-12;CASEROS;3227;PISO 6 C;PARQUE PATRICIOS;COMUNA 4;CASEROS AV. 3227;3227 CASEROS AV.
-58.4000684716131;-34.6333811856509;89;GRUPO TBT;SOFTWARE;NAC.;CABA;EN OPERACION;JUN-12;JUJUY;1963;PISO 3 B;PARQUE PATRICIOS;COMUNA 4;JUJUY AV. 1963;1963 JUJUY AV.
-58.4000684716131;-34.6333811856509;90;DARUMA;SOFTWARE;NAC.;CABA;EN OPERACION;JUN-12;JUJUY;1963;PISO 6 B;PARQUE PATRICIOS;COMUNA 4;JUJUY AV. 1963;1963 JUJUY AV.
-58.4023171825653;-34.6375530622576;91;COVEDISA;BPO;NAC.;CABA;EN OPERACION;NOV-14;PATAGONES;2827;;PARQUE PATRICIOS;COMUNA 4;PATAGONES 2827;2827 PATAGONES
-58.3990809302379;-34.636169275602;92;SILK TECH;BPO;NAC.;CABA;EN OPERACION;AGO-15;AV. CASEROS;2602;PISO 8;PARQUE PATRICIOS;COMUNA 4;CASEROS AV. 2602;2602 CASEROS AV.
-58.4065795657226;-34.6421741088592;93;DAEVA;SOFTWARE;NAC.;CABA;EN OPERACION;DIC-16;PEDRO CHUTRO;3135;OF 101/102;PARQUE PATRICIOS;COMUNA 4;CHUTRO, PEDRO, PROF., DR. 3135;3135 CHUTRO, PEDRO, PROF., DR.
-58.407435163478;-34.6433867829924;94;NEC;HARDWARE;NAC.;CABA;EN OPERACION;AGO-12;ATUEL;471;;PARQUE PATRICIOS;COMUNA 4;ATUEL 471;471 ATUEL
-58.4002623747511;-34.6351124638365;95;TI SISTEMAS;BPO;NAC.;CABA;EN OPERACION;ABR-14;RONDEAU;2664;PISO 5 A;PARQUE PATRICIOS;COMUNA 4;RONDEAU 2664;2664 RONDEAU
-58.4065795657226;-34.6421741088592;96;SIF AMERICA;SOFTWARE;NAC.;CABA;EN OPERACION;ABR-14;DR. PEDRO CHUTRO;3135;;PARQUE PATRICIOS;COMUNA 4;CHUTRO, PEDRO, PROF., DR. 3135;3135 CHUTRO, PEDRO, PROF., DR.
-58.4133325754361;-34.6382694147665;97;GLD CONSULTORES;SOFTWARE;NAC.;CABA;EN OPERACION;NOV-13;CASEROS;3405;PISO 3;BOEDO;COMUNA 5;CASEROS AV. 3405;3405 CASEROS AV.
-58.4023171825653;-34.6375530622576;98;MOVILGATE;SOFTWARE;NAC.;CABA;EN OPERACION;ENE-13;PATAGONES;2827;PISO 5;PARQUE PATRICIOS;COMUNA 4;PATAGONES 2827;2827 PATAGONES
-58.4117666653551;-34.634543849899;99;TELEFONICA GLOBAL TECHNOLOGY;BPO;EXT.;CABA;EN OPERACION;SEP-14;CHICLANA;3345;;BOEDO;COMUNA 5;CHICLANA AV. 3345;3345 CHICLANA AV.
-58.4009699571134;-34.6448121085954;100;AIV (CENTRAL DE PASAJES);E-COMMERCE;NAC.;CABA;EN OPERACION;ENE-15;AMANCIO ALCORTA;2801;;PARQUE PATRICIOS;COMUNA 4;ALCORTA, AMANCIO AV. 2801;2801 ALCORTA, AMANCIO AV.
-58.3990809302379;-34.636169275602;101;DAXA;SOFTWARE;EXT.;CABA;EN OPERACION;AGO-15;AV. CASEROS;2602;PISO 8;PARQUE PATRICIOS;COMUNA 4;CASEROS AV. 2602;2602 CASEROS AV.
-58.4117666653551;-34.634543849899;102;BIBLOS;BPO;NAC.;CABA;EN OPERACION;SEP-14;CHICLANA;3345;PISO 6;BOEDO;COMUNA 5;CHICLANA AV. 3345;3345 CHICLANA AV.
-58.4117666653551;-34.634543849899;103;AVANTRIP;BPO;NAC.;CABA;EN OPERACION;SEP-14;CHICLANA;3345;PISO 7;BOEDO;COMUNA 5;CHICLANA AV. 3345;3345 CHICLANA AV.
-58.4004478738229;-34.6324395538992;104;OVERNET;SOFTWARE;NAC.;CABA;EN OPERACION;SEP-14;JUJUY;1875;PISO 2;PARQUE PATRICIOS;COMUNA 4;JUJUY AV. 1875;1875 JUJUY AV.
-58.3970277563378;-34.6361198098969;105;ADMINISTRADORA DE MONEDEROS ELECTRONICOS (AME);BPO;NAC.;CABA;EN OPERACION;ENE-13;MANUEL GARCIA;50;PISO 2;PARQUE PATRICIOS;COMUNA 4;GARCIA, MANUEL 50;50 GARCIA, MANUEL
-58.4094622179409;-34.6356601545354;106;SOLUCIONES WORKOUT;SOFTWARE;NAC.;CABA;EN OPERACION;MAR-15;24 DE NOVIEMBRE;2115;;PARQUE PATRICIOS;COMUNA 4;24 DE NOVIEMBRE 2115;2115 24 DE NOVIEMBRE
-58.4135076496842;-34.6425394533907;107;SOF TUR;SOFTWARE;NAC.;CABA;EN OPERACION;MAR-13;ACHALA;3527;;NUEVA POMPEYA;COMUNA 4;ACHALA 3527;3527 ACHALA
-58.4133839772193;-34.6417897813345;108;CORPORATE CORP;HARDWARE;NAC.;CABA;EN OPERACION;FEB-15;PUNA;3540;;NUEVA POMPEYA;COMUNA 4;PUNA 3540;3540 PUNA
-58.4099586920851;-34.6354036876751;109;BAITCON;BPO;NAC.;CABA;EN OPERACION;DIC-14;CATULO CASTILLO;3251;;PARQUE PATRICIOS;COMUNA 4;CASTILLO, CATULO 3251;3251 CASTILLO, CATULO
-58.4098261328106;-34.6357478162909;110;INTERSERVICES CONSULTING;BPO;NAC.;CABA;EN OPERACION;DIC-14;CATULO CASTILLO;3250;OF B;PARQUE PATRICIOS;COMUNA 4;CASTILLO, CATULO 3250;3250 CASTILLO, CATULO
-58.4133325754361;-34.6382694147665;111;RENXO;SOFTWARE;NAC.;CABA;EN OPERACION;SEP-13;CASEROS;3405;PISO 4;BOEDO;COMUNA 5;CASEROS AV. 3405;3405 CASEROS AV.
-58.4000684716131;-34.6333811856509;112;AKAROMSOFT;SOFTWARE;NAC.;CABA;EN OPERACION;FEB-12;AV. JUJUY;1963;PISO 9 C;PARQUE PATRICIOS;COMUNA 4;JUJUY AV. 1963;1963 JUJUY AV.
-58.4117666653551;-34.634543849899;113;TMF ARGENTINA;BPO;EXT.;CABA;EN OPERACION;SEP-14;CHICLANA;3345;PISO 4 Y 5;BOEDO;COMUNA 5;CHICLANA AV. 3345;3345 CHICLANA AV.
-58.4133901421286;-34.6458465244465;114;VALID;BPO;EXT.;CABA;EN OPERACION;PREVIO LEY 2972;JOSE C. PAZ;3640;PB;NUEVA POMPEYA;COMUNA 4;PAZ, JOSE C. 3640;3640 PAZ, JOSE C.
-58.4071706473941;-34.6447215620669;115;SMARTWAY;SOFTWARE;NAC.;CABA;EN OPERACION;ABR-13;ATUEL;607;;PARQUE PATRICIOS;COMUNA 4;ATUEL 607;607 ATUEL
-58.4065795657226;-34.6421741088592;116;SONDEOS;SOFTWARE;NAC.;CABA;EN OPERACION;AGO-14;DR. PEDRO CHUTRO;3135;PISO 2;PARQUE PATRICIOS;COMUNA 4;CHUTRO, PEDRO, PROF., DR. 3135;3135 CHUTRO, PEDRO, PROF., DR.
-58.4153783618656;-34.6452694591378;117;SYSTEMSCORP;BPO;NAC.;CABA;EN OPERACION;ENE-14;DEL TIGRE;3867;;NUEVA POMPEYA;COMUNA 4;DEL TIGRE 3867;3867 DEL TIGRE
-58.4002623747511;-34.6351124638365;118;BDO;BPO;NAC.;CABA;EN OPERACION;MAR-14;RONDEAU;2664;PISO PB Y 1;PARQUE PATRICIOS;COMUNA 4;RONDEAU 2664;2664 RONDEAU
-58.4072553914463;-34.6435791535651;119;AGEN;HARDWARE;NAC.;CABA;EN OPERACION;FEB-13;CORTEJARENA, JOSE A.;3205;;PARQUE PATRICIOS;COMUNA 4;CORTEJARENA, JOSE A. 3205;3205 CORTEJARENA, JOSE A.
-58.4037119918702;-34.6360975042755;120;BPD SOLUTIONS;SOFTWARE;NAC.;CABA;EN OPERACION;JUL-13;DEAN FUNES;2148;;PARQUE PATRICIOS;COMUNA 4;DEAN FUNES 2148;2148 DEAN FUNES
-58.4011792755434;-34.637684642477;121;CATALINAS CENTER;BPO;NAC.;CABA;EN OPERACION;AGO-15;PATAGONES;2766;;PARQUE PATRICIOS;COMUNA 4;PATAGONES 2766;2766 PATAGONES
-58.4142687068204;-34.6365379459213;122;ACTIVIA;BPO;NAC.;CABA;EN OPERACION;AGO-15;CHICLANA;3580;;BOEDO;COMUNA 5;CHICLANA AV. 3580;3580 CHICLANA AV.
-58.3981151148053;-34.634734071502;123;ADVANCED RESOURCES;SOFTWARE;NAC.;CABA;EN OPERACION;JUN-13;RONDEAU;2520;OF 3;PARQUE PATRICIOS;COMUNA 4;RONDEAU 2520;2520 RONDEAU
-58.4007181576641;-34.6326676859565;124;SOLUCIONES INFORMATICAS INTEGRALES;SOFTWARE;NAC.;CABA;EN OPERACION;DIC-14;CATULO CASTILLO;2633;;PARQUE PATRICIOS;COMUNA 4;CASTILLO, CATULO 2633;2633 CASTILLO, CATULO
-58.4043346093004;-34.6379504595425;125;ITALTEL;SOFTWARE;NAC.;;EN OPERACION;SEP-14;PATAGONES;2937;;PARQUE PATRICIOS;COMUNA 4;PATAGONES 2937;2937 PATAGONES
-58.3979509332463;-34.6377448819972;126;CLAWI;SOFTWARE;NAC.;CABA;EN OPERACION;SEP-13;COLONIA;170;;PARQUE PATRICIOS;COMUNA 4;COLONIA AV. 170;170 COLONIA AV.
-58.4065795657226;-34.6421741088592;127;DEDALORD;SOFTWARE;NAC.;CABA;EN OPERACION;SEP-14;PEDRO CHUTRO;3135;OF 101;PARQUE PATRICIOS;COMUNA 4;CHUTRO, PEDRO, PROF., DR. 3135;3135 CHUTRO, PEDRO, PROF., DR.
-58.4002623747511;-34.6351124638365;128;GECSA;SOFTWARE;NAC.;CABA;EN OPERACION;JUL-14;RONDEAU;2664;PISO 5 B, 1º;PARQUE PATRICIOS;COMUNA 4;RONDEAU 2664;2664 RONDEAU
-58.4002623747511;-34.6351124638365;129;CANAL VIRTUAL;SOFTWARE;NAC.;CABA;EN OPERACION;JUL-14;RONDEAU;2664;PISAO 5 B, 2;PARQUE PATRICIOS;COMUNA 4;RONDEAU 2664;2664 RONDEAU
-58.4002623747511;-34.6351124638365;130;MICROSHENZHEN;SOFTWARE;NAC.;CABA;EN OPERACION;JUL-14;RONDEAU;2664;PISO 5;PARQUE PATRICIOS;COMUNA 4;RONDEAU 2664;2664 RONDEAU
-58.4011961413701;-34.6414562597006;131;ITBA;EDUCACION;NAC.;CABA;EN OPERACION;SEP-15;LAVARDEN;389;;PARQUE PATRICIOS;COMUNA 4;LAVARDEN 389;389 LAVARDEN
-58.4133325754361;-34.6382694147665;132;DUX DILIGENS/TMN;SOFTWARE;NAC.;CABA;EN OPERACION;ENE-15;CASEROS;3405;PISO 6;BOEDO;COMUNA 5;CASEROS AV. 3405;3405 CASEROS AV.
-58.4133325754361;-34.6382694147665;133;E-GATE;SOFTWARE;NAC.;CABA;EN OPERACION;NOV-13;CASEROS;3405;PISO 1 B;BOEDO;COMUNA 5;CASEROS AV. 3405;3405 CASEROS AV.
-58.3990083857238;-34.6362525269555;134;THINK IT;SOFTWARE;NAC.;CABA;EN OPERACION;NOV-15;COLONIA;25;PISO 3 A;PARQUE PATRICIOS;COMUNA 4;COLONIA AV. 25;25 COLONIA AV.
-58.3990083857238;-34.6362525269555;135;PARADIGMA CONSULTORES;BPO;NAC.;CABA;EN OPERACION;NOV-15;COLONIA;25;PISO 2 A;PARQUE PATRICIOS;COMUNA 4;COLONIA AV. 25;25 COLONIA AV.
-58.4133325754361;-34.6382694147665;136;NETNIX;BPO;NAC.;CABA;EN OPERACION;FEB-14;CASEROS;3405;PISO 7;BOEDO;COMUNA 5;CASEROS AV. 3405;3405 CASEROS AV.
-58.401905435346;-34.6383696995542;137;VIAJO BIEN;BPO;NAC.;CABA;EN OPERACION;MAR-15;LAVARDEN;157;PISO 2 Y 3;PARQUE PATRICIOS;COMUNA 4;LAVARDEN 157;157 LAVARDEN
-58.4117174152036;-34.6379883942856;138;ASATEJ;BPO;EXT.;CABA;EN OPERACION;MAR-16;AV CASEROS;3301;PISO 5,6,7,8.;BOEDO;COMUNA 5;CASEROS AV. 3301;3301 CASEROS AV.
-58.4117174152036;-34.6379883942856;139;BEST DAY;E-COMMERCE;EXT.;CABA;EN OPERACION;MAR-16;AV CASEROS;3301;PISO 3;BOEDO;COMUNA 5;CASEROS AV. 3301;3301 CASEROS AV.
-58.4023171825653;-34.6375530622576;140;VULSAI-MANGO;SOFTWARE;NAC.;CABA;EN OPERACION;MAR-14;PATAGONES;2827;PISO 3;PARQUE PATRICIOS;COMUNA 4;PATAGONES 2827;2827 PATAGONES
-58.3966167488492;-34.6384307667388;141;OPTICOM;SOFTWARE;NAC.;CABA;EN OPERACION;DIC-14;MANUEL GARCIA;233;;PARQUE PATRICIOS;COMUNA 4;GARCIA, MANUEL 233;233 GARCIA, MANUEL
-58.4031150193987;-34.6368598310716;142;QUALITY WORK;SOFTWARE;NAC.;CABA;EN OPERACION;ABR-14;AV. CASEROS;2862;PISO 3 A;PARQUE PATRICIOS;COMUNA 4;CASEROS AV. 2862;2862 CASEROS AV.
-58.3990809302379;-34.636169275602;143;SMS;BPO;NAC.;CABA;EN OPERACION;ABR-16;AV. CASEROS;2602;PISO 1;PARQUE PATRICIOS;COMUNA 4;CASEROS AV. 2602;2602 CASEROS AV.
-58.3990083857238;-34.6362525269555;144;CRYSTALIS/SEIDOR;BPO;EXT.;CABA;EN OPERACION;ABR-16;COLONIA;25;PISO 4,5;PARQUE PATRICIOS;COMUNA 4;COLONIA AV. 25;25 COLONIA AV.
-58.4006229599957;-34.6364545016719;145;LABOR CORPORATIVA;BPO;NAC.;CABA;EN OPERACION;JUL-14;LUNA;17;PISO 3,4,5;PARQUE PATRICIOS;COMUNA 4;LUNA 17;17 LUNA
-58.4069990204068;-34.6483200027261;146;AIR COMPUTERS;HARDWARE;NAC.;CABA;EN OPERACION;AGO-17;ANCASTE;;;NUEVA POMPEYA;COMUNA 4;ANCASTE 3258;3258 ANCASTE
-58.4051764377406;-34.6347589829692;147;VALIJA CHICA;SOFTWARE;NAC.;CABA;EN OPERACION;OCT-14;CATULO CASTILLO;2960;PB;PARQUE PATRICIOS;COMUNA 4;CASTILLO, CATULO 2960;2960 CASTILLO, CATULO
-58.4004478738229;-34.6324395538992;148;DELTA 3;SOFTWARE;NAC.;CABA;EN OPERACION;MAY-14;JUJUY;1875;PISO 5 DEPTO A;PARQUE PATRICIOS;COMUNA 4;JUJUY AV. 1875;1875 JUJUY AV.
-58.4154068970064;-34.6386335051554;149;NEURAL SOFT;SOFTWARE;NAC.;OTRA;EN OPERACION;DIC-15;AV. CASEROS;3563;PISO 9;BOEDO;COMUNA 5;CASEROS AV. 3563;3563 CASEROS AV.
-58.399857241823;-34.6346724091729;150;WORLDSYS;SOFTWARE;NAC.;CABA;EN OPERACION;MAY-14;RONDEAU;2631;;PARQUE PATRICIOS;COMUNA 4;RONDEAU 2631;2631 RONDEAU
-58.4006229599957;-34.6364545016719;151;RECURSOS  EN DESARROLLO;SOFTWARE;NAC.;CABA;EN OPERACION;AGO-14;LUNA;17;;PARQUE PATRICIOS;COMUNA 4;LUNA 17;17 LUNA
-58.4041472508103;-34.6370411350002;152;PROVINCANJE;SOFTWARE;NAC.;CABA;EN OPERACION;AGO-14;AV. CASEROS;2920;PB;PARQUE PATRICIOS;COMUNA 4;CASEROS AV. 2920;2920 CASEROS AV.
-58.4078972679349;-34.6433392568611;153;D-TECH;SOFTWARE;NAC.;CABA;EN OBRA;DIC-16;EL REFRAN;3246;;PARQUE PATRICIOS;COMUNA 4;EL REFRAN 3246;3246 EL REFRAN
-58.397596092067;-34.6366396201981;154;BITOPIA;SOFTWARE;NAC.;CABA;EN OPERACION;ENE-14;PATAGONES;2535;PB;PARQUE PATRICIOS;COMUNA 4;PATAGONES 2535;2535 PATAGONES
-58.4031150193987;-34.6368598310716;155;FUSAP;SOFTWARE;NAC.;CABA;EN OPERACION;MAY-15;AV.CASEROS;2862;PISO 2 A;PARQUE PATRICIOS;COMUNA 4;CASEROS AV. 2862;2862 CASEROS AV.
-58.4006229599957;-34.6364545016719;156;SOFTOFICE;SOFTWARE;NAC.;CABA;EN OPERACION;ENE-14;LUNA;17;PISO 6;PARQUE PATRICIOS;COMUNA 4;LUNA 17;17 LUNA
-58.4154068970064;-34.6386335051554;157;TTS;BPO;NAC.;CABA;EN OPERACION;JUL-15;AV. CASEROS;3563;PISO 3;BOEDO;COMUNA 5;CASEROS AV. 3563;3563 CASEROS AV.
-58.3990083857238;-34.6362525269555;158;SOFTING;SOFTWARE;NAC.;CABA;EN OPERACION;AGO-15;AV. COLONIA;25;6 B;PARQUE PATRICIOS;COMUNA 4;COLONIA AV. 25;25 COLONIA AV.
-58.3990809302379;-34.636169275602;159;IMR;SOFTWARE;NAC.;CABA;EN OPERACION;NOV-15;AV. CASEROS;2602;PISO 6;PARQUE PATRICIOS;COMUNA 4;CASEROS AV. 2602;2602 CASEROS AV.
-58.4117174152036;-34.6379883942856;160;CONSENSUS;SOFTWARE;NAC.;CABA;EN OPERACION;DIC-15;AV. CASEROS;3301;PISO 2;BOEDO;COMUNA 5;CASEROS AV. 3301;3301 CASEROS AV.
-58.406088638066;-34.634891907605;161;DOCUMENTOS ADUANEROS;SOFTWARE;NAC.;CABA;EN OPERACION;AGO-15;LA RIOJA;2011;;PARQUE PATRICIOS;COMUNA 4;LA RIOJA 2011;2011 LA RIOJA
-58.397988997976;-34.641458780989;162;CRONON;SOFTWARE;NAC.;CABA;EN OPERACION;ENE-15;LUNA;424;;PARQUE PATRICIOS;COMUNA 4;LUNA 424;424 LUNA
-58.4154068970064;-34.6386335051554;163;INTERCONNECT;SOFTWARE;NAC.;CABA;EN OPERACION;DIC-15;AV. CASEROS;3563;PISO 8 OF 16;BOEDO;COMUNA 5;CASEROS AV. 3563;3563 CASEROS AV.
-58.4025373194546;-34.6357088147568;164;PMO TECNOLOGY;SOFTWARE;NAC.;CABA;EN OPERACION;SEP-12;ESTEBAN DE LUCA;2237;PISO 3 OF J;PARQUE PATRICIOS;COMUNA 4;LUCA, ESTEBAN DE 2237;2237 LUCA, ESTEBAN DE
-58.401905435346;-34.6383696995542;165;STEFANINI;BPO;EXT.;CABA;EN OPERACION;FEB-15;LAVARDEN;157;PISO 2 OF 2;PARQUE PATRICIOS;COMUNA 4;LAVARDEN 157;157 LAVARDEN
-58.4031189624013;-34.6370103252643;166;ELECTROPAGOS;SOFTWARE;NAC.;CABA;EN OPERACION;DIC-14;ARRIOLA;27;;PARQUE PATRICIOS;COMUNA 4;ARRIOLA 27;27 ARRIOLA
-58.4088716582887;-34.6414919964022;167;REVIRTUAL;SOFTWARE;NAC.;CABA;EN OPERACION;DIC-14;PEPIRI;286;PISO 1;PARQUE PATRICIOS;COMUNA 4;PEPIRI 286;286 PEPIRI
-58.4043346093004;-34.6379504595425;168;CANEPA, KOPEC Y ASOC.;BPO;NAC.;CABA;EN OPERACION;MAR-16;PATAGONES;2937;;PARQUE PATRICIOS;COMUNA 4;PATAGONES 2937;2937 PATAGONES
-58.4043346093004;-34.6379504595425;169;HORWATH CONSULTING;BPO;NAC.;CABA;EN OPERACION;MAR-16;PATAGONES;2937;;PARQUE PATRICIOS;COMUNA 4;PATAGONES 2937;2937 PATAGONES
-58.401567277651;-34.6390533210491;170;PRISMA MEDIOS DE PAGO SA;SOFTWARE;NAC.;CABA;EN OBRA;JUN-17;USPALLATA;2802;;PARQUE PATRICIOS;COMUNA 4;USPALLATA 2802;2802 USPALLATA
-58.4043346093004;-34.6379504595425;171;KOMPENDIUM;BPO;NAC.;CABA;EN OPERACION;MAR-16;PATAGONES;2937;;PARQUE PATRICIOS;COMUNA 4;PATAGONES 2937;2937 PATAGONES
-58.4043346093004;-34.6379504595425;172;HMSI;BPO;NAC.;CABA;EN OPERACION;MAR-16;PATAGONES;2937;;PARQUE PATRICIOS;COMUNA 4;PATAGONES 2937;2937 PATAGONES
-58.4117174152036;-34.6379883942856;173;IATASA;INGENIERIA;NAC.;CABA;EN OPERACION;DIC-15;AV. CASEROS;3301;PISO 2 B Y 4 B;BOEDO;COMUNA 5;CASEROS AV. 3301;3301 CASEROS AV.
-58.3987209873735;-34.6316864985585;174;EBOX S.A.;SOFTWARE;NAC.;CABA;EN OPERACION;JUN-15;ALBERTI;1856;;PARQUE PATRICIOS;COMUNA 4;ALBERTI 1856;1856 ALBERTI
-58.4158093538621;-34.6390727569064;175;IT PATAGONIA;SOFTWARE;NAC.;CABA;EN OBRA;AGO-17;AV CASEROS;3602;PISO 6;PARQUE PATRICIOS;COMUNA 4;CASEROS AV. 3602;3602 CASEROS AV.
-58.4115869547288;-34.6368756766249;176;TALLION;SOFTWARE;NAC.;CABA;EN OPERACION;SEP-15;RONDEAU;3367;;PARQUE PATRICIOS;COMUNA 4;RONDEAU 3367;3367 RONDEAU
-58.4154068970064;-34.6386335051554;177;DELLOITE;BPO;NAC.;CABA;EN OPERACION;NOV-15;AV. CASEROS;3563;PISO 4 Y 5;BOEDO;COMUNA 5;CASEROS AV. 3563;3563 CASEROS AV.
-58.4064222585089;-34.6370789035;178;CARDINAL;SOFTWARE;NAC.;CABA;EN OPERACION;SEP-17;AV. CASEROS;3039;PISO 8;PARQUE PATRICIOS;COMUNA 4;CASEROS AV. 3039;3039 CASEROS AV.
-58.4033012407625;-34.6355553534599;179;DIGITAL WEST SOLUCIONES TECNOLOGICAS SRL;SOFTWARE;NAC.;CABA;EN OBRA;MAR-17; RONDEAU;2858;;PARQUE PATRICIOS;COMUNA 4;RONDEAU 2858;2858 RONDEAU
-58.3990809302379;-34.636169275602;180;TRANS;SOFTWARE;NAC.;CABA;EN OPERACION;DIC-15;AV. CASEROS;2602;PISO 10;PARQUE PATRICIOS;COMUNA 4;CASEROS AV. 2602;2602 CASEROS AV.
-58.4085328666199;-34.6363497236608;181;SISTEMAS OPERATIVOS;BPO;NAC.;CABA;EN OPERACION;DIC-15;RONDEAU;3155;;PARQUE PATRICIOS;COMUNA 4;RONDEAU 3155;3155 RONDEAU
-58.4023171825653;-34.6375530622576;182;CDSS SA;SOFTWARE;NAC.;CABA;EN OPERACION;NOV-17;PATAGONES;2827;PISO 3;PARQUE PATRICIOS;COMUNA 4;PATAGONES 2827;2827 PATAGONES
-58.3990809302379;-34.636169275602;183;TDI;SOFTWARE;NAC.;CABA;EN OPERACION;ENE-16;AV. CASEROS;2602;PISO 3;PARQUE PATRICIOS;COMUNA 4;CASEROS AV. 2602;2602 CASEROS AV.
-58.3988745090359;-34.6353440819828;184;IDEA BIZ (OPEN IT);SOFTWARE;NAC.;CABA;EN OBRA;SEP-15;AV. JUJUY;2156;PISO 3 A /PB 1;PARQUE PATRICIOS;COMUNA 4;JUJUY AV. 2156;2156 JUJUY AV.
-58.4000684716131;-34.6333811856509;185;PATRICIOS PARK BUSINESS SOLUTIONS;BPO;NAC.;CABA;EN OPERACION;SEP-14;AV. JUJUY;1963;PISO 4 A;PARQUE PATRICIOS;COMUNA 4;JUJUY AV. 1963;1963 JUJUY AV.
-58.4000684716131;-34.6333811856509;186;BAIRESNET;SOFTWARE;NAC.;CABA;EN OPERACION;JUN-13;AV. JUJUY;1963;PISO 5 B;PARQUE PATRICIOS;COMUNA 4;JUJUY AV. 1963;1963 JUJUY AV.
-58.4019163108667;-34.6383225435853;187;TELECENTRO;SOFTWARE;NAC.;CABA;EN OPERACION;ENE-16;LAVARDEN;153;3 PISO;PARQUE PATRICIOS;COMUNA 4;LAVARDEN 153;153 LAVARDEN
-58.4018502625793;-34.6415723629489;188;CAECE/CAMARA ARGENTINA DE COMERCIO;EDUCACION;NAC.;CABA;EN OBRA;DIC-17;PEDRO CHUTRO;2851;;PARQUE PATRICIOS;COMUNA 4;CHUTRO, PEDRO, PROF., DR. 2851;2851 CHUTRO, PEDRO, PROF., DR.
-58.4117666653551;-34.634543849899;189;TECNOSOFTWARE SA;SOFTWARE;NAC.;CABA;EN OBRA;ENE-18;AV. CHICLANA;3345;PISO 3 A SEGUNDO CUERPO;BOEDO;COMUNA 5;CHICLANA AV. 3345;3345 CHICLANA AV.
-58.4117666653551;-34.634543849899;190;TSOFT SA;SOFTWARE;NAC.;CABA;EN OBRA;ENE-18;AV. CHICLANA;3345;;BOEDO;COMUNA 5;CHICLANA AV. 3345;3345 CHICLANA AV.
-58.404360839699;-34.6392708809895;191;ISBAN;SOFTWARE;EXT.;CABA;EN OPERACION;ENE-17;USPALLATA;2953;;PARQUE PATRICIOS;COMUNA 4;USPALLATA 2953;2953 USPALLATA
-58.4006229599957;-34.6364545016719;192;WWW:COM:AR;SOFTWARE;NAC.;CABA;EN OBRA;ENE-17;LUNA;17;;PARQUE PATRICIOS;COMUNA 4;LUNA 17;17 LUNA
-58.4118645229227;-34.636392696968;193;ATOS ARGENTINA S.A.;SOFTWARE;EXT.;CABA;EN OBRA;MAR-17;VIRREY LINIERS;2240;;BOEDO;COMUNA 5;LINIERS VIRREY 2240;2240 LINIERS VIRREY
-58.4129559999448;-34.6372662207404;194;INTERGRABO;SOFTWARE;NAC.;CABA;EN OPERACION;ABR-16;RONDEAU;3466;;BOEDO;COMUNA 5;RONDEAU 3466;3466 RONDEAU
-58.3993690142193;-34.6334582390537;195;DATAWISE S.A.;SOFTWARE;NAC.;CABA;EN OBRA;MAY-16;15 DE NOVIEMBRE DE 1889;2573;;PARQUE PATRICIOS;COMUNA 4;15 DE NOVIEMBRE DE 1889 2573;2573 15 DE NOVIEMBRE DE 1889
-58.4033012407625;-34.6355553534599;196;GRUPO RECAUDADOR S.A;SOFTWARE;NAC.;CABA;EN OBRA;JUN-18;RONDEAU;2858;4 B;PARQUE PATRICIOS;COMUNA 4;RONDEAU 2858;2858 RONDEAU
-58.4033012407625;-34.6355553534599;197;MULTIVIRTUAL S.A;SOFTWARE;NAC.;CABA;EN OBRA;JUN-18;RONDEAU;2858;PISO 1;PARQUE PATRICIOS;COMUNA 4;RONDEAU 2858;2858 RONDEAU
-58.4129817850021;-34.6385764478164;198;SEAC;SOFTWARE;NAC.;CABA;EN OBRA;JUN-18;CASEROS;3392;PISO 2 B;NUEVA POMPEYA;COMUNA 4;CASEROS AV. 3392;3392 CASEROS AV.
-58.4129817850021;-34.6385764478164;199;RGP;SOFTWARE;NAC.;CABA;EN OBRA;JUN-18;CASEROS;3392;PISO 2 A;NUEVA POMPEYA;COMUNA 4;CASEROS AV. 3392;3392 CASEROS AV.
-58.3981151148053;-34.634734071502;200;PREPAY;SOFTWARE;NAC.;CABA;EN OPERACION;JUL-16;RONDEAU;2520;PISO 4 A;PARQUE PATRICIOS;COMUNA 4;RONDEAU 2520;2520 RONDEAU
-58.4118040873762;-34.6389733344597;201;PRAGMATICA TECHNOLOGIES S.A.;SOFTWARE;NAC.;CABA;EN OBRA;AGO-16;ALMAFUERTE;63;PISO 4;NUEVA POMPEYA;COMUNA 4;ALMAFUERTE AV. 63;63 ALMAFUERTE AV.
-58.4133325754361;-34.6382694147665;202;GRUPO NET V;SOFTWARE;NAC.;CABA;EN OPERACION;SEP-16;AV. CASEROS;3405;PISO 4;BOEDO;COMUNA 5;CASEROS AV. 3405;3405 CASEROS AV.
-58.3995694224896;-34.6370092120697;203;MONI;SOFTWARE;NAC.;CABA;EN OPERACION;SEP-16;PATAGONES;2665;PISO 5 A;PARQUE PATRICIOS;COMUNA 4;PATAGONES 2665;2665 PATAGONES
-58.3970277563378;-34.6361198098969;204;ENGY ARGENTINA SA;SOFTWARE;EXT.;CABA;EN OPERACION;OCT-16;MANUEL GARCIA;50;PISO 1;PARQUE PATRICIOS;COMUNA 4;GARCIA, MANUEL 50;50 GARCIA, MANUEL
-58.4062727396805;-34.6370529757825;205;MERCADO LIBRE;SOFTWARE;NAC.;CABA;EN OBRA;SEP-18;AV CASEROS;3031;;PARQUE PATRICIOS;COMUNA 4;CASEROS AV. 3031;3031 CASEROS AV.
-58.4004782319367;-34.6329730719431;206;ADVANCED SOFTWARE;SOFTWARE;NAC.;CABA;EN OPERACION;OCT-16;CATULO CASTILLO;2630;PISO 1 A;PARQUE PATRICIOS;COMUNA 4;CASTILLO, CATULO 2630;2630 CASTILLO, CATULO
-58.3970277563378;-34.6361198098969;207;PATROL & ASOCIADOS S.A;SOFTWARE;NAC.;CABA;EN OPERACION;NOV-16;MANUEL GARCIA;50;PB;PARQUE PATRICIOS;COMUNA 4;GARCIA, MANUEL 50;50 GARCIA, MANUEL
-58.4004782319367;-34.6329730719431;208;BLUE DRAFT;SOFTWARE;NAC.;CABA;EN OPERACION;NOV-16;CATULO CASTILLO;2630;PISO 1;PARQUE PATRICIOS;COMUNA 4;CASTILLO, CATULO 2630;2630 CASTILLO, CATULO
-58.414254433175;-34.636529510009;209;V-TEX;SOFTWARE;NAC.;CABA;EN OPERACION;NOV-16;CHICLANA;3578;PISO 4;BOEDO;COMUNA 5;CHICLANA AV. 3578;3578 CHICLANA AV.
-58.4012975608056;-34.6333746441709;210;SINTECTUR;E-COMMERCE;NAC.;CABA;EN OBRA;DIC-17;CATAMARCA;2026;PISO 1 A;PARQUE PATRICIOS;COMUNA 4;CATAMARCA 2026;2026 CATAMARCA
-58.4124926665777;-34.6480399315418;211;ESETEC;INGENIERIA;NAC.;CABA;EN OPERACION;DIC-17;GRITO DE ASENCIO;3618;;NUEVA POMPEYA;COMUNA 4;GRITO DE ASENCIO 3618;3618 GRITO DE ASENCIO
-58.3990016154922;-34.6349666470905;212;MERLIN;SOFTWARE;NAC.;CABA;EN OPERACION;DIC-16;JUJUY;2122;PISO 8;PARQUE PATRICIOS;COMUNA 4;JUJUY AV. 2122;2122 JUJUY AV.
-58.4088716582887;-34.6414919964022;213;T-MOB SRL;SOFTWARE;NAC.;CABA;EN OPERACION;DIC-16;PEPIRI;286;PISO 3;PARQUE PATRICIOS;COMUNA 4;PEPIRI 286;286 PEPIRI
-58.4065795657226;-34.6421741088592;214;LOGISTICS TRACK SRL;SOFTWARE;NAC.;CABA;EN OPERACION;DIC-16;CHUTRO;3135;;PARQUE PATRICIOS;COMUNA 4;CHUTRO, PEDRO, PROF., DR. 3135;3135 CHUTRO, PEDRO, PROF., DR.
-58.3977551278964;-34.6412989914997;215;CPS COMUNICACIONES SA (METROTEL);DATA CENTER;NAC.;CABA;EN OBRA;JUL-17;PEDRO CHUTRO;2668;;PARQUE PATRICIOS;COMUNA 4;CHUTRO, PEDRO, PROF., DR. 2668;2668 CHUTRO, PEDRO, PROF., DR.
-58.3980149834842;-34.6375850109336;216;CMD - COMPAÑIA MEDIOS DIGITALES;BPO;NAC.;CABA;EN OPERACION;NOV-10;COLONIA;;;PARQUE PATRICIOS;COMUNA 4;COLONIA AV. 156;156 COLONIA AV.
-58.4097416681654;-34.6528575919166;217;SYSTEM MASTER;SOFTWARE;NAC.;CABA;EN OPERACION;MAR-14;BEAZLEY;;;NUEVA POMPEYA;COMUNA 4;BEAZLEY 3549;3549 BEAZLEY
-58.4025112285399;-34.6388732002572;218;CORA-DIR;HARDWARE;NAC.;CABA;EN OPERACION;PREVIO LEY 2972;USPALLATA;;;PARQUE PATRICIOS;COMUNA 4;USPALLATA 2853;2853 USPALLATA
-58.4008762764106;-34.6389134293652;219;NOVATECH;HARDWARE;NAC.;CABA;EN OPERACION;MAR-10;USPALLATA;;;PARQUE PATRICIOS;COMUNA 4;USPALLATA 2768;2768 USPALLATA
-58.4066774070383;-34.6337047695487;220;BANGHO;HARDWARE;NAC.;CABA;EN OPERACION;AGO-11;BRASIL;;;PARQUE PATRICIOS;COMUNA 4;BRASIL 3031;3031 BRASIL
-58.4008762764106;-34.6389134293652;221;GRUPO NUCLEO;HARDWARE;NAC.;CABA;EN OPERACION;MAY-14;USPALLATA;;;PARQUE PATRICIOS;COMUNA 4;USPALLATA 2768;2768 USPALLATA
-58.3980149834842;-34.6375850109336;222;TECDIA;BPO;NAC.;CABA;EN OPERACION;OCT-13;COLONIA;;;PARQUE PATRICIOS;COMUNA 4;COLONIA AV. 156;156 COLONIA AV.
-58.4048794800667;-34.6393845368705;223;INTEROPTICS;SOFTWARE;NAC.;CABA;EN OPERACION;NOV-11;USPALLATA;;;PARQUE PATRICIOS;COMUNA 4;USPALLATA 2983;2983 USPALLATA
-58.4043847440533;-34.6329096957861;224;NITIS;SOFTWARE;NAC.;;EN OPERACION;ABR-13;BRASIL 2883;2883;;PARQUE PATRICIOS;COMUNA 4;BRASIL 2883;2883 BRASIL
-58.3998467485438;-34.6339314192303;225;DESPEGAR.COM;E-COMMERCE;EXT.;CABA;EN OPERACION;DIC-12;AV. JUJUY;;;PARQUE PATRICIOS;COMUNA 4;JUJUY AV. 2013;2013 JUJUY AV.
-58.3976675568806;-34.6370224807443;226;GC GESTION COMPARTIDA;BPO;NAC.;CABA;EN OPERACION;AGO-13;PATAGONES;;;PARQUE PATRICIOS;COMUNA 4;PATAGONES 2548;2548 PATAGONES
-58.4065795657226;-34.6421741088592;227;LUGALU;SOFTWARE;NAC.;CABA;EN OPERACION;DIC-13;PEDRO CHUTRO 3135 / 3264;;;PARQUE PATRICIOS;COMUNA 4;CHUTRO, PEDRO, PROF., DR. 3135;3135 CHUTRO, PEDRO, PROF., DR.
-58.4125610250653;-34.6368969086669;228;POSNET;DATA CENTER;EXT.;CABA;EN OPERACION;AGO-14;RONDEAU;;;BOEDO;COMUNA 5;RONDEAU 3439;3439 RONDEAU
-58.4125610250653;-34.6368969086669;229;FIRST DATA;DATA CENTER;EXT.;CABA;EN OPERACION;AGO-14;RONDEAU;;;BOEDO;COMUNA 5;RONDEAU 3439;3439 RONDEAU
-58.4107801957578;-34.6518530077621;230;CENTRY SA;HARDWARE;NAC.;CABA;EN OPERACION;DIC-14;CACHI;;;NUEVA POMPEYA;COMUNA 4;CACHI 774;774 CACHI
-58.4026773648579;-34.6407834829213;231;USAL;EDUCACION;NAC.;CABA;EN OBRA;DIC-16;ZABALETA;330;;PARQUE PATRICIOS;COMUNA 4;ZAVALETA 330;330 ZAVALETA
-58.4019163108667;-34.6383225435853;232;EDS;SOFTWARE;NAC.;CABA;EN OPERACION;ENE-17;LAVARDEN;;;PARQUE PATRICIOS;COMUNA 4;LAVARDEN 153;153 LAVARDEN
-58.4153657854133;-34.6389949051142;233;GIRE/RAPIPAGO.;SOFTWARE;NAC.;CABA;EN OBRA;ENE-18;AV. CASEROS;;;PARQUE PATRICIOS;COMUNA 4;CASEROS AV. 3568;3568 CASEROS AV.
-58.4150667013952;-34.6442537598508;234;LA CASA DEL LED;DOMOTICA;NAC.;CABA;EN OBRA;ENE-17;ANDRES FERREIRA;3785;3 PISO;NUEVA POMPEYA;COMUNA 4;FERREYRA, ANDRES 3785;3785 FERREYRA, ANDRES
-58.3990809237602;-34.6361691890606;235;SMS SRL;BPO;NAC.;CABA;EN OPERACION;ABR-16;AV. CASEROS;2602;PISO 1 A;PARQUE PATRICIOS;COMUNA 4;CASEROS AV. 2602;2602 CASEROS AV.
